body,created_utc
"This thread is now locked. Please continue the discussion in the Daily Workout thread:  
https://reddit.com/r/orangetheory/comments/bxqst0/friday_6719_otf_workout/",1559884362
"Reposting early intel courtesy of /u/LivingMemory:  
  ##3G - Friday 7 June 2019 - Melbourne report  
**3G ENDURANCE CREW ROW**

Morning all ğŸŠ

All blocks are 14 minutes:

**TREADS**

* 400metres (~0.25 miles) push pace interval flat road 
* WR was called for 1 minute although my class mainly moved once hrm went to green
* continuing intervals as above 
* final minute as fast as you can, eg AO

**CREW ROW**

Two captains leading each crew. Captains chosen by coach. Captains set pace - everyone must follow their captain (the stroke if we want to get technical), just like a real boat crew. This was a lot of fun and good team building ğŸ§¡ğŸŠ

* 90 second as a crew
* row for distance on own
* 90 second as a crew
* row for distance on own
* 60 second as a crew
* row for distance on own
* final minute all out 

**FLOOR**

8/16/24/16/8 of:

* step up with weight
* swing with weight
* tricep ext with weight
* plank jack
* v sit up each side

Enjoy! ğŸ¨",1559884359
"This thread is now locked. Please continue the discussion in the Daily Workout thread:  
https://reddit.com/r/orangetheory/comments/bxcsnx/thursday_6619_otf_workout/",1559797884
"Reposting early intel courtesy of /u/LivingMemory:  
  ##2G - Thursday 6 June - Melbourne report  

**2G STRENGTH SWITCH**

Hi teamğŸŠ!

Resuming normal service. Few gremlins posting yesterday... so thanks u/matthotlips for posting and u/lookie4dacookie for getting me back online â˜ºï¸

I also posted the 3G in a separate thread via another member â˜ºï¸

**Treads 1**

Courtesy u/c01788

Treads 1 - I did this about 8 hours ago now but I think I've remembered correctly!

30 second base at 7%

1min normal base

30sec base 7%

30sec base 5%

1min normal base

30sec base 7%

30sec base 5%

30sec base 3%

1min normal base

30sec base 7%

30sec base 5%

30sec base 3%

30sec all out 1%

I believe PW %s were 8, 6 and 4, then 10 or higher for the all out

[Disregard my notes from earlier, which Iâ€™m keep in for posterity... Round 1 was a series of hills going up and down the hill - 7, 5 and 3% mixed with base and push and varying interval lengths, the longest being 90 seconds. Iâ€™m sorry I donâ€™t remember it in detail, youâ€™ll understand why Iâ€™ve forgotten when you read round 2... Only so much a person can remember! I can update if anyone can help me out! ğŸ§¡]

Move to floor. 

**Floor 1**

* 10 upright row, weighted
* 10 Leg raises
* 5 each side low row single arm on bench
* 10 ? raise on the floor but I forget exactly what sorry! 

Repeat twice and then complete one 250m row 

**Treads 2**

This is a run/floor combo. Grab a set of weights for bicep curls. 

160m below is 0.1 miles. This is the jogger and runner combination. 

* 160m 7% push
* 10 bicep curls
* 160m 7% base
* 160m 5% push
* 10 bicep curls
* 160m 7% base
* 160m 5% base
* 160m 3% push 
* 160m flat road base
* 10 bicep curls
* 160m 7% base
* 160m 5% base
* 160m 3% push 

I may have misremembered but Iâ€™ve done my best!

**Floor 2**

45 seconds on 15 seconds off, repeat 3 times:

* band around wrists, low rows
* band as above, scissor legs
* mid band around calves, toe reaches 
* band as above, in &amp;amp; outs


Enjoy! ğŸ¨",1559797880
"This thread is now locked. Please continue the discussion in the Daily Workout thread:  
https://reddit.com/r/orangetheory/comments/bxcsnx/thursday_6619_otf_workout/",1559797876
"Reposting early intel courtesy of /u/LivingMemory:  
  ##3G - Thursday 6 June 2019 - Melbourne report  
Some intel I received from another member for the 3G. I didnâ€™t complete this class but if you read my separate 2G update, it might help!

**3G STRENGTH SWITCH**

6 min blocks x6 

Tread to rower to floor

**Row 1**

* 100m
* 150m
* 200m
* 250m
* 300m
* ... with 5 medicine ball squat raises in between each distance

Then row for distance and keep track of full distance as in next row block you row that full distance then do 25 medicine ball squat raises then row for distance. 

**Floor 1**
 
* Upright row x10 
* Lay on back lift legs x10 
* Single arm upright row on bench x5 each 
* Then lay on floor lift butt - whatever they call that!

**Treads 1**

6 min block 

Canâ€™t remember all different ones but essentially 90 second 1 minute inclines at base pace with 1 minute base recovery and a 30sec all out to finish block. 

**Rower 2**

As above  - row first distance etc 

**Floor 2**

* Band on wrists x10
* low rows with TRX 
* Keep band on wrists lay on floor w arms raised / band tensioned and do x10 scissors kicks
* Band on lower leg and x10 leg splits 

**Tread 2**

As above. 

If youâ€™re looking for the 2G I also posted this. Enjoy! ğŸ¨",1559797873
"This thread is now locked. Please continue the discussion in the Daily Workout thread:  
https://reddit.com/r/orangetheory/comments/bwyv5q/wednesday_6519_otf_workout/",1559711489
"Reposting early intel courtesy of /u/matthotlips:  
  ##Wednesday 5 June Melbourne  
*******This is all courtesy of u/LivingMemory hence the great formatting so all thanks to go their way!******

**CATCH ME IF YOU CAN**

Hi teamğŸŠ!

If Iâ€™ve forgotten something - apologies - Iâ€™ll update ? with feedback and comments. 

And on that note... hereâ€™s the workout. 

Each block is 14 minutes of work:

**Treads**

Catch me if you can - 2,400 metres (~1.5? miles) in 12 minutes followed by extra 2 minute run if you make the distance. 

Base pace if you miss the markers. 

PW was half ? the distance. 

It gets progressively more difficult, so get ahead of it if you can. I believe in you! ğŸ‘ŠğŸ¼

**Rowers**
 
* 600m row
* 20 squats
* 150m row
* 10 squats
* 150m row
* 10 squats
* Bonus 100m row and 5 squats - continue til time called 

**Floor**

20/16/12/8x

* ski movement with weights
* rollout ğŸ˜ˆ ğŸ›¹ 
* bicep curl 
* side plank each side
* hamstring curl ğŸ˜ˆğŸ›¹

Enjoy! ğŸ¨",1559711486
"This thread is now locked. Please continue the discussion in the Daily Workout thread:  
https://reddit.com/r/orangetheory/comments/bwkwwc/tuesday_6419_otf_workout/",1559625051
"Reposting early intel courtesy of /u/matthotlips:  
  ##Tuesday 4 June Melbourne 3G  
Today was not my finest â€œremembering what is going onâ€ day, especially with the names.

Floor;

5x alt bench toe taps with right leg

5x bench reverse leg thrust thing with right leg

10x side to side thing as if you are sat in a sit up position with a weight at your chest


Repeat above but this time with the left leg

Keep going until time is called


20 sprinter sit ups? then plank until time is called


5x laying down with weight held vertical into a sit up (5 each arm)

10x plank pull-through

Tread;

Progressive push (adding 0.5-1km over base each minute) for 4 minutes

Walk

30second AO

Walk

Base at 1% for 1 minute

Base at 2% for 1 minute

Base at 3% for 1 minute 

Base at 4% for 1 minute 

Base at 5% for 1 minute

30second AO

Rest

30second AO

Rower;

45second row

10x jump squats

Repeat for three times

15 stroke row

10x reverse lunges

Repeat for three times

150m row

10x jumping reverse lunges

Repeat for three times

If finished do exercises only


I really might of missed a bit but you get the gist",1559625047
"Reposting early intel courtesy of /u/LivingMemory:  
  ##2G - Monday 3 June 2019 - Melbourne report  
**ENDURANCE AND SWITCH**

All floor blocks are 6.5 minutes. 

All treadmills are flat road. 

In advance... I donâ€™t have intel on the 3G. **EDIT** No shade intended by this comment! Iâ€™m not a coach or OTF team member, so I can only report on the class as I do it. I honestly *love* the discussion and feedback my posts get and the feeling of community it builds. ğŸ§¡ğŸŠ

I started on the treadmill so this was my order:

**Treads**

Warm up only. Move to rower. 

**Rower**

One minute row. Remember your distance. Move to treads. 

**Treads**

* 90 second push, 60 second base. 
* 30 second push, 60 second all out. 

Move to floor. 

**Floor Block 1**

* chest press x10/12/14
* tricep extension x10/12/14
* knee tuck x20

May have missed an exercise here ğŸ¤”

Move to rower

**Rower**

As above. Try to beat your distance. 

**Treads**

As above. 

**Floor Block 2**

* shoulder press x10/12/14
* lateral raise x10/12/14
* scissor legs x20

**Rower**

As above. Try to beat your distance. 

**Treads**

As above. 

**Floor Block 3**

* TRX chest press x10/12/14
* palm to elbow x10/12/14
* bike legs x20

This was a low splat day but Iâ€™m drenched in sweat...

Enjoy! ğŸ¨",1559538852
"Reposting early intel courtesy of /u/LivingMemory:  
  ##3G - Sunday 2 June 2019 - Melbourne report  
**STRENGTH**

**Treads**

* 3 x 90 second base at 6, 7 and 8% with recovery at base flat road. Finishes with 30 second all out
* exactly as above but 60 second intervals, also finishes with a 30 second all out 

**Rower**

* 2.5 minute row
* medicine ball reverse lunge x8 twisting each side
* repeat above but row 100m less each time 
* continue until time called 

**Floor**

2 blocks, each exercise is weighted as follows:

*Block 1* - 7.5 minutes

* lateral lunge to step up x8
* uppercut x8
* pullover x8
* toe crunch x8/12/16

*Block 2* - 5.5 minutes 

* step up x8
* double crunch x8/12/16

Enjoy! ğŸ¨",1559452289
"Reposting early intel courtesy of /u/LivingMemory:  
  ##3G Friday 31 May 2019 - Melbourne report  
Hi team

Seen the feedback that the studios donâ€™t like this sub so....

You have been warned...

**SPOILER ALERT**

ğŸ‡¦ğŸ‡º

Look away now! ğŸ˜‰

**12 MINUTE RUN FOR DISTANCE BENCHMARK**

**Treads**

12 minute run for distance benchmark. 

PW @ 4% - edit courtesy u/jemesct

**Rowers**

* 3 minute row - remember your distance
* standing on one leg bicep curls x8
* hip hinge weighted rows x16
* row 200m less than your distance
* repeat the two weighted exercises 
* row another 200m less
* etc

**Floor**

14 minute block. 

6/8/10 reps of the following:

* TRX Y raise
* TRX high raise/row (?)
* TRX low row
* ab dolly roll out ğŸ›¹ğŸ˜ˆ
* ab dolly pike ğŸ›¹ğŸ˜ˆ

And that my friends is the workout. 

Enjoy! ğŸ¨",1559279658
"Reposting early intel courtesy of /u/LivingMemory:  
  ##2G - Thursday 30 May 2019 - Melbourne report  
**2G STRENGTH** ğŸ‡¦ğŸ‡º

**INCLINES AND DROP SETS**

**Treadmill**

*Edit* courtesy u/matthotlips

Tread for jogger runner was:

*First effort*

* 3min push 
* 1min base 
* 1min base at 3% 
* 1min base at 4% 
* 1min base 
* 30second AO

*Second effort*

* 2min push 
* 1min base 
* 1min base at 5% 
* 1min base at 6% 
* 1min base 
* 30second AO

*Third effort*

* 1min push 
* 1min base 
* 1min base at 7% 
* 1min base at 8% 
* 1min base 
* 30second AO

**Floor**

*Block 1*

Drop sets on the chest press. 

* 15 stroke row - just once 

* 4x chest press heavy weight, followed by 10x lighter weight 
* 10 v sit up
* repeat chest press but 4, 12 
* repeat v sit up
* repeat chest press but 4, 14
* repeat v sit up

*Block 2*

Drop sets on the dead lift 

* 15 stroke row - just once

* 4, 10 dead lift (heavy, lighter)
* 10 shoulder press
* 10 side plank to crunch
* 10 sprinters sit ups 
* repeat 

Enjoy! ğŸ¨

PS the 12 min run for distance benchmark for Friday was confirmed in our studio this morning. 

PPS anyone know how to add the Early Intel flair. Thereâ€™s no option but randomly my posts are being flaired anyway?! *Edit* kindly answered in the comments. Thank you!",1559193098
"Reposting early intel courtesy of /u/c01788:  
  ##Wed 29 May 2G  
Starting on treadmill: 

1min all out 

Floor - ?3 Min

10 side step lunge with weights (proper name?)

10 skater lunges 

10 uppcut with dumbbell 

10 (?) Straight leg hip raises

Repeat until out of time 

(3 blocks like this, second block is ?5 min, third block is ?7 min) 

30sec all out on treadmill to finish. 


Rower:

1min all out 

Treadmill:

160m all out 

20 lunge jumps

Repeat until time is called, decrease lunge jumps by 2 every round. 

(3 blocks like this, same times as above)  

30sec  all out on rower to finish.",1559106723
"Reposting early intel courtesy of /u/matthotlips:  
  ##Wednesday 29 May 2019 Melbourne 3G (Endurance + Power)  
I was very politely asked to create a separate post for the 3G workout so here it is. Not sure if it's called a switch or a tornado but it is definitely one of them;

&amp;#x200B;

**Rower: 4 min**

100m row

20 reverse jump lunges (RJL)

100m row

18 RJL

100m row

16 RJL...etc

**Floor: 4 min**

10x alt side weight lunge ankle things

10x skaters

10x upper cuts

10x straight leg hip raises

**Tread; 4 min**

1min push

1min base

1min push

1min AO

**Rower;**

1min AO

**Floor;**

1min burpees

**Tread;**

1min AO

...then repeat all of that again picking up where you left off on the reverse lunges and floor exercises.

&amp;#x200B;

Edit: Really wanted to put reverse hump lunges, but y'knowwwww... I'm pretty professional",1559106719
"Reposting early intel courtesy of /u/LivingMemory:  
  ##2G - Tuesday 28 May 2019 - Melbourne report  
**ESP SWITCH**

**2G** ğŸ‡¦ğŸ‡º

**Run Row 1**

Up the ladder:

* 250m row
* 800m (0.5 mile) run push pace flat road. PW was half the distance with incline. 
* 500m row
* Run for distance flat road. PW with incline. Remember your distance.

Move to floor 

**Floor 1**

10.5 minute block 

1 minute of each of the following:

* mid band forward walk then back 
* mid band weighted rotation 
* mid band lie on your back with legs up in the air and reach your hands towards your feet (poor explanation but I hope that makes sense) 
* low band around wrists in plank position moving hands side to side 
* repeat

Move to tread

**Run Row 2**

Down the ladder:

* Run for distance per your distance in previous block. PW as above. 
* 500m row 
* 800m (0.5 mile) run push pace flat road. PW as above. 
* 250m row

Move to floor 

**Floor 2**

10.5 minute block 

1 minute of each of the following:

* mid band lateral walks 
* ? I forget but can update if anyone remembers!
* mid band hip bridge 
* low band around wrists walking forward to plank
* repeat 

Enjoy! ğŸ¨",1559020264
"Reposting early intel courtesy of /u/auntyol:  
  ##Monday 27 May  
From Australia

2G

Treadmill

2.4km run for distance

once complete the rest of the block is 160m sprints interspersed with squats

Floor

2000m row once

25 push ups

25 sit ups 

25 upright rows on TRX

25 burpees

next round decrease sets by 5 each time  
  
(This comment was brought to you by the OTF Monitor Bot)",1558934023
